Temperature,Humidity,SoilMoisture,label
29.36792366,76.24900101,85.0163191,banana
27.33368994,83.67675197,81.53607149,banana
27.40053601,82.96221306,86.03004013,banana
29.3159075,80.11585705,83.34427135,banana
26.05433004,79.39654531,85.52904119,banana
25.86632408,84.42379269,80.35969313,banana
27.00932084,80.18546798,84.57660017,banana
29.55054817,78.06762846,81.91217264,banana
26.28845991,83.390039,81.33482476,banana
29.16226551,76.16151562,83.42478651,banana
28.65003945,82.68752542,86.48507838,banana
29.07311132,76.50045221,83.01324631,banana
28.08166093,75.26429821,88.24641965,banana
27.1994597,78.8086068,85.92998632,banana
28.05484146,78.04602887,87.11818662,banana
25.14748006,83.34688193,88.0324426,banana
25.94019018,78.3422098,82.76363127,banana
27.66752761,79.68542782,83.50115668,banana
25.56703012,75.94067692,81.69502035,banana
28.6956201,82.54195839,81.13786058,banana
26.33544853,76.8532006,84.80817194,banana
25.93730186,78.89864446,81.01005051,banana
25.13686519,84.88394407,82.73414707,banana
27.50527651,80.79783998,81.6317035,banana
26.21009246,82.34429458,85.30662436,banana
29.10403455,79.19588629,85.45158323,banana
29.2440638,77.32017166,84.20740145,banana
25.56202173,77.38229006,86.68805668,banana
26.3985515,81.36028902,82.40185399,banana
28.09577643,77.79586769,81.12805423,banana
27.84767901,83.31110751,82.41525008,banana
27.39341554,81.4654833,84.33302733,banana
25.14517635,81.38204104,82.76885746,banana
28.65456263,79.28693687,83.29075802,banana
29.16093424,76.67484233,86.16832519,banana
27.57278064,82.0638878,85.26929567,banana
25.40909896,82.36208097,84.66900484,banana
25.99069521,83.33983116,80.76807554,banana
26.29039046,81.06003778,82.10306759,banana
29.14827211,78.71024836,87.60724199,banana
26.59743595,79.35898915,80.2452845,banana
25.36059237,75.03193255,86.56861233,banana
29.12036889,80.18080728,86.44363277,banana
27.53911354,77.25629897,82.52476361,banana
29.66727337,83.51014178,88.12404229,banana
25.05802193,84.97323747,86.41847828,banana
25.86824781,78.52399914,84.3066152,banana
25.85036988,81.95580471,80.98328661,banana
26.51682337,77.79913575,85.81817695,banana
28.66725136,79.59242542,82.85363041,banana
28.14938935,81.54448882,88.24111669,banana
26.42313317,83.6995044,88.31993343,banana
26.59386409,81.40740301,81.80497989,banana
27.71822477,76.57853189,86.04213349,banana
28.98333432,82.95958244,80.98557606,banana
29.42017919,83.96754496,83.94762265,banana
27.39872329,81.10523402,85.71891677,banana
26.4020227,84.41007614,81.39309725,banana
27.81251452,82.69285419,88.47642541,banana
25.19640218,83.55829874,85.21857892,banana
28.31193338,75.77363772,80.05109325,banana
25.90113128,80.47152737,86.44276238,banana
27.48612983,76.11239849,86.08764861,banana
29.38254012,83.50423735,86.27526499,banana
29.22118628,81.08183635,86.19232454,banana
27.09062164,81.33506906,83.14465264,banana
26.12643374,81.81365007,81.10205933,banana
29.01207743,77.95192527,82.48647269,banana
27.96799119,79.28625709,87.21014277,banana
28.0764455,76.05522115,85.70068019,banana
25.16278237,84.97849241,86.47728747,banana
25.78749808,84.51194224,80.61887776,banana
25.34119774,84.47321314,82.58829136,banana
29.44795403,78.34971537,86.93792622,banana
26.47522633,78.51833782,80.89858139,banana
27.39489579,83.31172003,80.47749853,banana
25.08347445,80.261731,80.7517686,banana
26.6719835,76.48541655,85.69757256,banana
25.44926208,79.49221962,85.61494726,banana
28.22776705,80.6430384,86.04011632,banana
28.1279509,77.48247073,85.83625426,banana
28.9470467,82.1888998,80.0149816,banana
27.96236771,84.15403614,84.84398768,banana
28.00316034,78.90085998,81.56478123,banana
29.1400919,80.1190228,82.06756586,banana
27.9122104,83.36307683,85.72346208,banana
25.43480512,81.53977797,85.21594844,banana
28.55980972,84.51602322,81.81511216,banana
26.59580783,82.99556744,88.50167511,banana
27.19711623,77.3970629,87.48430104,banana
25.29391516,79.29122198,83.78859444,banana
29.90888522,76.98740841,85.3828994,banana
27.94972463,76.63713353,82.3788387,banana
25.01018457,78.76260938,83.10645167,banana
29.21144871,84.70189923,85.36431917,banana
27.35911627,84.54625006,81.26461461,banana
28.0106804,76.52808057,86.04909418,banana
28.67208915,82.20793613,88.35273426,banana
27.34585147,78.4873835,83.40825897,banana
29.50704598,78.20585613,83.96074142,banana
17.02498456,16.98861173,55.1234,chickpea
19.02061277,17.13159126,55.2345,chickpea
17.88776475,15.40589717,50.3456,chickpea
18.86805647,15.65809214,50.4567,chickpea
18.36952567,19.56381041,60.5678,chickpea
20.45078582,15.40312102,50.6789,chickpea
20.6543203,16.60820843,55.789,chickpea
17.3348681,18.74926979,60.8901,chickpea
18.17912258,18.90426935,60.9012,chickpea
18.01272266,18.30968112,60.0123,chickpea
20.99373558,19.33470387,60.1234,chickpea
19.46233971,15.22538951,50.2345,chickpea
19.81344531,14.69765308,50.3456,chickpea
18.97424756,19.5161216,60.4567,chickpea
18.19737048,14.71070537,50.5678,chickpea
18.72963144,19.18197264,60.6789,chickpea
20.99502153,19.8601304,60.789,chickpea
20.28155898,16.39535215,55.8901,chickpea
17.48042641,15.7559405,50.9012,chickpea
20.88818675,14.32313811,50.0123,chickpea
17.08498521,16.14565756,55.1234,chickpea
20.09340593,15.11279612,50.2345,chickpea
17.57212145,14.99927489,50.3456,chickpea
19.12065218,18.43475844,60.4567,chickpea
18.57665902,19.22008229,60.5678,chickpea
17.16606398,14.42457525,50.6789,chickpea
18.2872007,16.67921616,55.789,chickpea
19.03025305,18.66725565,60.8901,chickpea
17.1418614,17.0662427,55.9012,chickpea
17.47809436,17.93253975,55.0123,chickpea
20.56601874,14.25803981,50.1234,chickpea
17.22385224,15.82069268,55.2345,chickpea
19.69141713,19.44225438,60.3456,chickpea
17.84851658,19.09172907,60.4567,chickpea
18.8202251,16.1074793,55.5678,chickpea
17.47500984,16.54314829,55.6789,chickpea
18.72649425,17.58406365,55.789,chickpea
18.65580107,16.17772668,55.8901,chickpea
18.2356751,19.68538502,60.9012,chickpea
18.81198127,15.21618225,50.0123,chickpea
18.65054116,17.80852431,55.1234,chickpea
20.36720401,16.89574311,55.2345,chickpea
18.38120357,16.63805158,55.3456,chickpea
17.17012591,17.30457712,55.4567,chickpea
19.37101121,15.77458129,50.5678,chickpea
17.92845928,14.27327988,50.6789,chickpea
19.45339934,18.23490739,60.789,chickpea
19.12829388,14.92241479,50.8901,chickpea
19.1034283,17.26184541,55.9012,chickpea
17.48504075,16.96070581,55.0123,chickpea
19.40751744,18.98030507,60.1234,chickpea
20.18649426,19.63719995,60.2345,chickpea
17.30287885,15.15405941,50.3456,chickpea
17.50361137,15.48083156,50.4567,chickpea
18.17234999,14.70085967,50.5678,chickpea
17.57445618,16.71826572,55.6789,chickpea
20.93175255,18.91295403,60.789,chickpea
19.71098332,17.63879418,55.8901,chickpea
19.07937684,17.86754927,55.9012,chickpea
18.54988627,16.02542689,55.0123,chickpea
18.19903647,17.41333199,55.1234,chickpea
18.88852533,14.99451145,50.2345,chickpea
18.49311205,14.72115044,50.3456,chickpea
19.48974337,17.17260319,55.4567,chickpea
17.25769499,18.74943955,60.5678,chickpea
19.62416326,18.71483156,60.6789,chickpea
20.67526473,19.85388984,60.789,chickpea
20.02381489,16.63294455,55.8901,chickpea
20.1187446,14.44228303,50.9012,chickpea
20.65691793,15.84572566,55.0123,chickpea
19.2582557,14.2804191,50.1234,chickpea
17.927806,15.85622899,55.2345,chickpea
19.16288268,15.83500655,55.3456,chickpea
20.26942271,19.96978871,60.4567,chickpea
17.09104223,18.25142068,60.5678,chickpea
17.06579293,17.54024066,55.6789,chickpea
20.62767492,14.44008871,50.789,chickpea
20.8248451,17.85057083,55.8901,chickpea
19.46210401,18.72831993,60.9012,chickpea
17.18248372,16.42891834,55.0123,chickpea
17.48911699,16.39055394,55.1234,chickpea
17.48395377,14.76014523,50.2345,chickpea
19.48316794,17.44534641,55.3456,chickpea
19.71359733,18.09665739,55.4567,chickpea
19.48649305,16.06240074,55.5678,chickpea
19.95264829,14.82633099,50.6789,chickpea
19.41789736,16.80472243,55.789,chickpea
19.45591848,18.02235902,60.8901,chickpea
20.19137759,16.41998269,55.9012,chickpea
18.8392908,14.74071856,50.0123,chickpea
20.71219282,19.83643308,60.1234,chickpea
18.99424448,15.9362937,50.2345,chickpea
19.96837462,15.57324389,50.3456,chickpea
17.81564548,17.60756635,55.4567,chickpea
20.71424384,15.27824066,55.5678,chickpea
17.34150229,18.75626255,60.6789,chickpea
17.43732714,14.33847406,50.789,chickpea
18.89780215,19.76182946,60.8901,chickpea
18.59190771,14.77959596,50.9012,chickpea
18.31561493,15.36143547,50.0123,chickpea
17.13692774,20.59541693,64.59541693,kidneybeans
19.63474332,18.90705639,72.90705639,kidneybeans
22.91350245,21.33953114,51.33953114,kidneybeans
16.43340342,24.24045875,58.24045875,kidneybeans
22.13974653,23.02251117,74.02251117,kidneybeans
17.84806561,18.77621951,61.77621951,kidneybeans
19.88394011,20.31564139,75.31564139,kidneybeans
19.32509638,23.3334788,67.3334788,kidneybeans
18.4167001,23.42829938,69.42829938,kidneybeans
21.81167649,23.20591245,75.20591245,kidneybeans
19.72702528,18.28173015,58.28173015,kidneybeans
17.15432954,19.87070659,60.87070659,kidneybeans
19.62207826,18.67170854,58.67170854,kidneybeans
21.63149148,21.17919701,71.17919701,kidneybeans
16.06522754,18.72479695,68.72479695,kidneybeans
20.61162204,24.36314135,53.36314135,kidneybeans
21.42451099,20.39659714,77.39659714,kidneybeans
19.07096165,21.21092266,59.21092266,kidneybeans
21.18853178,19.63438599,59.63438599,kidneybeans
23.0429097,22.42610972,78.42610972,kidneybeans
20.65375833,23.10538637,73.10538637,kidneybeans
18.09551014,18.29318436,67.29318436,kidneybeans
18.23775702,21.07643273,71.07643273,kidneybeans
17.48189735,18.8251973,68.8251973,kidneybeans
19.9191786,21.47324158,71.47324158,kidneybeans
20.27514686,23.2353604,53.2353604,kidneybeans
15.77370214,19.2303162,69.2303162,kidneybeans
16.71170642,19.17651433,69.17651433,kidneybeans
17.66148158,18.15302753,68.15302753,kidneybeans
18.50692825,23.61670065,53.61670065,kidneybeans
24.51324787,20.81527638,70.81527638,kidneybeans
18.87614998,24.54038287,60.54038287,kidneybeans
21.59343016,20.31871249,70.31871249,kidneybeans
20.12373284,24.45202552,76.45202552,kidneybeans
15.43546065,18.37477907,74.37477907,kidneybeans
22.64236876,21.59396123,72.59396123,kidneybeans
21.98560799,24.87304788,51.87304788,kidneybeans
20.53052663,18.09224048,71.09224048,kidneybeans
15.78601387,21.14544088,72.14544088,kidneybeans
19.6365349,19.68751084,52.68751084,kidneybeans
20.57341244,19.7520218,75.7520218,kidneybeans
20.16080524,24.84207559,58.84207559,kidneybeans
21.53989176,24.25386207,65.25386207,kidneybeans
15.53834801,23.75560241,51.75560241,kidneybeans
19.91853092,20.70099804,52.70099804,kidneybeans
20.76952209,18.93146941,51.93146941,kidneybeans
23.46168338,23.22197648,57.22197648,kidneybeans
24.32116642,21.0278674,55.0278674,kidneybeans
20.12574053,24.96969858,51.96969858,kidneybeans
21.80619564,18.57086554,68.57086554,kidneybeans
19.52226241,24.92607153,57.92607153,kidneybeans
17.00067625,19.90790546,73.90790546,kidneybeans
16.78791503,24.96881755,51.96881755,kidneybeans
24.84906168,22.89464642,52.89464642,kidneybeans
16.51783455,20.4555596,55.4555596,kidneybeans
18.15300153,19.38602098,70.38602098,kidneybeans
23.18864385,22.3104551,59.3104551,kidneybeans
23.38002569,21.98879437,70.98879437,kidneybeans
18.358923,19.37703396,70.37703396,kidneybeans
19.25975367,20.51346956,70.51346956,kidneybeans
22.95458237,24.03553105,50.03553105,kidneybeans
20.120043,22.89845607,71.89845607,kidneybeans
21.14011423,22.7182355,50.7182355,kidneybeans
24.92360104,18.22590825,52.22590825,kidneybeans
15.33042636,24.91506728,54.91506728,kidneybeans
18.81097271,21.27833035,78.27833035,kidneybeans
23.44260668,22.77255917,50.77255917,kidneybeans
22.8352024,18.97267518,58.97267518,kidneybeans
24.9035819,22.27512704,70.27512704,kidneybeans
23.78709569,24.35679348,54.35679348,kidneybeans
22.05592283,19.60379304,60.60379304,kidneybeans
18.87492997,20.18238348,74.18238348,kidneybeans
18.62328774,23.02410338,50.02410338,kidneybeans
23.00884744,18.86880997,61.86880997,kidneybeans
19.33162606,24.13995025,68.13995025,kidneybeans
16.24469193,21.35793891,77.35793891,kidneybeans
17.91652287,24.90814655,62.90814655,kidneybeans
15.46789263,21.43780702,77.43780702,kidneybeans
17.06104474,23.77201471,54.77201471,kidneybeans
21.32776028,18.48522915,56.48522915,kidneybeans
23.90910104,20.74619325,61.74619325,kidneybeans
23.89756791,22.74378977,60.74378977,kidneybeans
22.98666928,20.57940608,61.57940608,kidneybeans
21.35135729,22.91244883,73.91244883,kidneybeans
24.1638445,19.27907819,57.27907819,kidneybeans
24.62835037,18.18325169,52.18325169,kidneybeans
21.02213209,24.93896255,74.93896255,kidneybeans
17.30844532,20.01730914,70.01730914,kidneybeans
23.82576704,24.75485098,51.75485098,kidneybeans
19.30607278,23.96362799,77.96362799,kidneybeans
16.03768615,22.33195853,78.33195853,kidneybeans
19.18572809,20.83398341,50.83398341,kidneybeans
19.92889503,21.79992115,52.79992115,kidneybeans
19.56376468,24.67385131,59.67385131,kidneybeans
18.31357543,24.32991649,59.32991649,kidneybeans
20.10993761,23.22323766,58.22323766,kidneybeans
23.60506572,21.90539577,71.90539577,kidneybeans
19.73136909,24.89487354,60.89487354,kidneybeans
20.93409877,21.1893007,58.1893007,kidneybeans
18.78226261,20.24768314,73.24768314,kidneybeans
22.61359953,63.69070564,55,maize
26.10018422,71.57476937,65,maize
23.55882094,71.59351368,60,maize
19.97215954,57.68272924,45,maize
18.47891261,62.69503871,50,maize
21.77689322,57.80840636,48,maize
25.6217169,66.50415474,63,maize
25.19192419,66.6902901,62,maize
20.41683147,62.5542482,51,maize
24.92162194,66.78627406,63,maize
23.31689124,73.4541537,65,maize
24.84016732,68.3584573,62,maize
22.27526694,58.84015925,50,maize
18.87751445,65.76816093,55,maize
25.19008683,60.2001687,50,maize
18.25405352,55.28220433,45,maize
24.6129118,70.4162444,61,maize
25.1420613,65.26185135,60,maize
23.09348056,60.1159381,48,maize
18.05033737,62.89366992,51,maize
24.9321581,73.80435276,65,maize
18.14710054,71.09445342,60,maize
18.28362235,66.65952796,58,maize
18.83344471,58.75082029,49,maize
25.71895816,67.22190688,63,maize
25.33797709,68.49835977,63,maize
23.89114571,57.48775781,47,maize
21.53574127,71.50905983,63,maize
23.08974909,63.10459626,55,maize
25.61707368,63.4711755,56,maize
21.44526922,63.1621551,55,maize
18.51816776,55.53128131,45,maize
22.53510514,67.99257471,61,maize
23.02038334,61.89472002,52,maize
24.89364635,65.61418761,61,maize
25.77175115,74.089114,66,maize
19.39851734,62.35750641,51,maize
21.54156232,59.64024162,50,maize
23.79746068,74.82913698,67,maize
18.9802729,74.52600826,67,maize
24.10859207,73.13112261,65,maize
24.7947077,70.04556743,62,maize
21.63162756,60.27766379,51,maize
25.37548751,57.21025565,46,maize
22.21738222,72.85462807,65,maize
20.58314011,69.00128641,60,maize
24.87502824,68.74248334,62,maize
20.03728219,56.35606753,46,maize
25.95263264,61.89082199,52,maize
19.28889933,65.47050802,56,maize
20.57981887,65.34583901,56,maize
24.71417533,56.73426469,46,maize
20.27317074,63.91281869,55,maize
18.41932981,64.23580251,55,maize
23.39128187,61.74427165,52,maize
19.84939404,61.24500053,51,maize
21.869274,61.91044947,52,maize
22.8056033,56.50768935,47,maize
19.0781471,69.02298571,60,maize
22.02720976,65.35549924,58,maize
23.80546189,59.24537979,49,maize
18.52510753,69.0276233,60,maize
23.50297882,61.32026065,52,maize
26.54986394,72.89187265,65,maize
19.29563411,69.63481219,61,maize
20.68899915,59.4375337,49,maize
19.32666088,68.034493,59,maize
24.60532218,73.58868502,65,maize
22.27373646,59.52193158,48,maize
25.70196694,61.33450447,52,maize
19.20129357,68.30578978,59,maize
21.70181447,60.47470519,51,maize
20.51716779,59.21235483,49,maize
23.30355338,73.62548442,65,maize
24.2547451,55.64709899,45,maize
24.86374934,65.7420046,61,maize
22.6265115,65.77472881,61,maize
18.04185513,60.61494304,50,maize
23.26237612,72.33125523,64,maize
22.88330922,71.59722446,64,maize
25.97482359,69.36385721,62,maize
26.14384005,66.20569924,59,maize
18.66116213,61.55327249,52,maize
25.10787449,55.97732754,45,maize
23.33844615,59.24580604,49,maize
25.08239719,65.92195844,60,maize
25.36768364,72.52054555,64,maize
25.34217103,63.31801994,56,maize
25.00933355,67.816568,63,maize
18.66746724,71.516474,64,maize
20.37999665,63.73849998,56,maize
18.09300227,72.61024172,64,maize
26.16985907,71.96246617,64,maize
18.65396672,61.37879671,52,maize
26.07470121,59.37147589,49,maize
18.92851916,72.80086137,65,maize
23.30546753,63.24648023,55,maize
18.74826712,62.49878458,51,maize
19.74213321,59.66263104,50,maize
25.73044432,70.74739256,63,maize
29.73770045,47.54885174,66.53365419,mango
33.55695561,53.72979826,68.47505106,mango
27.00315545,47.67525434,77.28944212,mango
33.56150184,45.53556603,64.51864279,mango
35.89855625,54.25964196,77.37557337,mango
34.17719782,50.62161586,70.10336848,mango
30.01592643,53.19212381,75.63757501,mango
31.74592134,45.16127859,61.82854695,mango
35.99009679,52.22780489,73.62218847,mango
31.86641378,52.19331595,65.67215504,mango
27.75518664,52.34605806,71.23578968,mango
34.72413192,51.4271781,75.07848208,mango
27.53907547,53.63549533,72.14438785,mango
27.69637763,48.5622488,69.00770004,mango
27.25373364,52.66319725,74.23819375,mango
30.33723921,48.88704844,75.29463304,mango
31.85744939,45.53106268,71.4312035,mango
35.39986338,49.45962621,64.62119203,mango
29.80747243,52.13797867,61.63100496,mango
34.16438906,54.16482251,70.06757291,mango
28.93270187,47.94053996,66.51278067,mango
27.98392787,53.33018851,64.25353907,mango
31.20478173,54.49960506,75.78800289,mango
32.13409675,50.52559148,69.40054463,mango
28.91862016,48.13974548,77.36575448,mango
31.09779147,47.41196659,68.77714835,mango
34.73823882,49.08864345,76.32239421,mango
29.98080499,49.48613279,78.53912655,mango
33.80398664,46.12866113,70.793892,mango
30.07202564,50.96040505,62.99691876,mango
27.92063282,51.77965917,72.86855711,mango
31.40948821,49.21729127,75.27514929,mango
35.7877738,51.94190321,76.90507707,mango
33.36140093,45.02236377,78.43822281,mango
35.96054636,48.69677802,66.30502248,mango
28.33333307,51.39586505,65.06266415,mango
32.27652024,50.19368841,69.43131832,mango
31.99490489,50.84881347,70.36896309,mango
27.58258929,48.56916221,65.94479968,mango
29.38471637,45.88744691,75.03405951,mango
32.38697531,53.2328243,73.6181295,mango
30.91471455,49.92963856,73.77884806,mango
35.37775595,45.58110023,68.34526843,mango
32.32362177,52.5896771,72.60034239,mango
28.22373428,47.40519056,76.34893169,mango
27.27433181,47.16808054,73.29978606,mango
27.10710832,50.70880979,67.51374523,mango
34.89226666,48.75613373,71.34817216,mango
33.7462686,48.50387598,70.45113057,mango
27.3511056,54.43945147,78.69996283,mango
32.89300162,52.61323969,75.72575075,mango
35.38598705,51.42664176,68.943,mango
27.5529736,47.90859131,73.23566215,mango
32.82141065,47.45553843,64.27519072,mango
30.17294105,51.0845903,64.43480022,mango
29.26382931,54.82257868,66.80349942,mango
32.06097197,51.08494181,69.21818887,mango
28.69818144,47.71875722,66.80893027,mango
29.14305008,49.40983294,77.39376222,mango
28.3471611,53.53903102,68.81069025,mango
27.67256197,45.41692012,76.95973683,mango
28.1218093,46.16888595,77.24472325,mango
30.79375683,46.69536813,76.42301103,mango
28.89409382,54.80750249,68.25129827,mango
33.33024826,45.61143594,64.21157257,mango
27.78912455,53.96886679,71.47169676,mango
31.65333432,48.20662669,72.64175939,mango
29.75150773,46.73723302,70.80381976,mango
31.32995611,50.22287593,71.46150206,mango
35.63627319,48.97047762,70.16794802,mango
31.66524687,51.98594645,75.82779797,mango
32.26935342,53.56092806,68.77347604,mango
27.81005614,51.59445462,71.78788369,mango
34.58561471,50.34035336,70.17601181,mango
31.27180992,52.23810152,67.26452873,mango
33.93679864,52.72170281,71.14647972,mango
31.09154239,47.02058367,75.02252278,mango
31.89356292,49.02450149,71.74459499,mango
32.45465292,50.69693751,75.63271734,mango
35.47478322,47.97230503,69.47300222,mango
27.32961444,49.30347234,75.63964904,mango
30.90225239,49.95955487,73.60516815,mango
29.09382275,45.5661059,71.12239977,mango
30.02086169,46.78393776,76.54905202,mango
34.13072188,51.25786185,65.85352999,mango
33.44619894,53.05980465,69.55454955,mango
35.3915464,52.48823147,67.08789601,mango
31.53356352,53.06009323,68.24774743,mango
30.7645515,47.93791463,71.75767082,mango
30.01821337,50.0983181,74.95992295,mango
31.32863689,47.59319575,68.87173704,mango
33.88004781,54.39416048,73.34072956,mango
28.07802689,54.9640534,64.77755687,mango
35.53845018,52.94641947,71.2854293,mango
28.70595247,50.44030129,71.79422279,mango
31.48451729,48.77926304,70.61846961,mango
27.69819273,51.41593238,73.13716289,mango
30.41235793,52.48100602,68.99358967,mango
32.17752026,54.01352682,68.50776463,mango
32.6112614,47.74916499,70.55486901,mango
24.55981624,91.63536236,73.43304136,pomegranate
19.65690085,89.93701023,76.30328022,pomegranate
18.78359608,87.4024767,77.67148574,pomegranate
24.1469628,94.5110662,70.80456614,pomegranate
22.44581266,89.90147027,61.88467607,pomegranate
24.96273236,92.40501423,65.00724152,pomegranate
22.5526059,89.3259486,70.91740291,pomegranate
22.77035608,91.45498527,69.7243058,pomegranate
19.20090378,94.27659596,61.67476336,pomegranate
23.12808226,92.68328358,75.87973256,pomegranate
24.92639065,85.19098079,72.55771364,pomegranate
24.77464458,85.63608688,76.37001896,pomegranate
19.8671184,86.35590206,61.33090515,pomegranate
24.26601316,93.7974061,65.7296897,pomegranate
23.62600218,89.73266695,62.33489829,pomegranate
19.67832052,89.08935702,69.25672209,pomegranate
22.36509395,92.30882391,66.65213231,pomegranate
21.57936934,94.88267728,78.17329955,pomegranate
18.26233221,88.16779129,65.52604743,pomegranate
23.71028128,89.61794165,61.60905906,pomegranate
22.48720144,89.9224883,67.88217247,pomegranate
21.6602498,94.79397419,78.82696495,pomegranate
20.13037175,89.31505137,68.57528797,pomegranate
18.41164435,91.11927248,72.26749624,pomegranate
19.68291173,89.75272999,74.70347496,pomegranate
23.20242586,91.19442671,72.71673522,pomegranate
18.92157197,87.31290342,70.7483302,pomegranate
22.10621387,91.34039616,63.75577341,pomegranate
18.47412402,89.68919664,67.63562595,pomegranate
19.81069447,88.92944254,77.01231829,pomegranate
24.4880844,90.83687246,75.7137739,pomegranate
18.75927679,89.93457597,68.30912555,pomegranate
19.54128063,90.29751796,77.72013114,pomegranate
18.91251245,87.74938524,61.98614582,pomegranate
19.91330523,94.95031368,61.37290786,pomegranate
19.72620525,89.64934166,63.52437236,pomegranate
23.83185873,87.84034604,63.03308484,pomegranate
24.94467632,94.25702672,70.69540821,pomegranate
24.692258,93.87030088,68.69405305,pomegranate
24.72485577,85.56083187,78.66943669,pomegranate
20.12644921,87.59629625,70.30401095,pomegranate
21.02432943,93.0569505,70.93609861,pomegranate
22.40423537,88.1508343,74.60778476,pomegranate
20.33691147,89.38003827,63.47268433,pomegranate
24.24779615,85.56033312,66.37866892,pomegranate
24.81530144,91.90842992,72.07385577,pomegranate
19.66329768,87.95158129,75.64720504,pomegranate
22.43377991,90.3396556,75.06101752,pomegranate
22.92052307,85.12912161,77.87122556,pomegranate
22.91843172,85.40695044,78.47373567,pomegranate
24.88244467,89.39686219,69.8753614,pomegranate
23.40981539,93.13277,74.77209204,pomegranate
21.20725375,94.26304717,69.47165117,pomegranate
18.20230419,91.12282162,68.11309964,pomegranate
22.34375696,89.7870345,66.63451732,pomegranate
24.32770134,90.88292835,63.33618673,pomegranate
19.75088482,88.71691157,64.53706342,pomegranate
19.86173586,86.19740917,78.47397868,pomegranate
18.07132963,93.14554876,72.83461524,pomegranate
23.89162561,89.61850203,72.52857173,pomegranate
23.98598756,93.34236582,66.96603806,pomegranate
20.93892916,85.42912869,75.36005108,pomegranate
20.82210727,87.22815682,64.36475713,pomegranate
20.86474944,91.61793636,77.5150441,pomegranate
24.45840036,86.10874614,72.70800335,pomegranate
24.51147697,90.64498715,63.08335882,pomegranate
24.56811204,92.03009222,64.79942359,pomegranate
24.63228709,89.01574455,65.38835139,pomegranate
20.07386547,90.97819712,63.28848864,pomegranate
21.80523051,94.63612858,64.58741606,pomegranate
22.8122645,86.34233767,70.75171357,pomegranate
22.73031253,88.48567856,70.34805844,pomegranate
23.2801227,94.94330457,68.94405749,pomegranate
19.30106297,87.1775172,67.4960508,pomegranate
19.0087067,88.83768149,75.84114318,pomegranate
24.35193812,90.88612388,77.6376337,pomegranate
24.72235539,88.87651295,78.10536818,pomegranate
21.92513945,94.46485312,68.68813863,pomegranate
24.83954414,86.88738076,73.96693073,pomegranate
18.09691127,90.42177379,70.58036933,pomegranate
20.24104904,91.08706822,72.2276045,pomegranate
23.22594,94.42971362,64.4240957,pomegranate
23.50128217,92.97527546,62.34178467,pomegranate
19.44623085,89.02127045,64.46840704,pomegranate
20.51343484,92.51675903,72.5396633,pomegranate
18.90223032,94.99897537,77.45610642,pomegranate
18.90592319,89.24126808,78.82572659,pomegranate
22.63045168,88.45577158,63.23324018,pomegranate
19.38603815,86.79058496,68.39412566,pomegranate
24.38318965,91.19431555,62.85979929,pomegranate
23.77989026,92.93386903,65.51321298,pomegranate
22.59890174,93.16343942,73.89288442,pomegranate
24.37766782,85.4017118,66.82836373,pomegranate
20.89273273,91.07776977,70.15626055,pomegranate
18.09903225,85.70786282,74.70964673,pomegranate
20.00218987,85.83618191,71.02993643,pomegranate
19.85139326,89.80732335,78.69534819,pomegranate
21.25433607,92.65058936,73.43894971,pomegranate
23.65374106,93.32657504,72.72675036,pomegranate
23.88404783,86.20613842,64.16773318,pomegranate
20.87974371,82.00274423,63.54,rice
21.77046169,80.31964408,42.87,rice
23.00445915,82.3207629,56.32,rice
26.49109635,80.15836264,78.21,rice
20.13017482,81.60487287,67.45,rice
23.05804872,83.37011772,49.67,rice
22.70883798,82.63941394,58.23,rice
20.27774362,82.89408619,60.98,rice
24.51588066,83.5352163,72.14,rice
23.22397386,83.03322691,68.91,rice
26.52723513,81.41753846,74.67,rice
23.97898217,81.45061596,63.21,rice
26.80079604,80.88684822,79.34,rice
24.01497622,82.05687182,65.78,rice
25.66585205,80.66385045,71.09,rice
24.28209415,80.30025587,57.23,rice
21.58711777,82.7883708,61.87,rice
23.79391957,80.41817957,47.56,rice
21.8652524,80.1923008,43.98,rice
23.57943626,83.58760316,68.32,rice
21.32504158,80.47476396,48.76,rice
25.15745531,83.11713476,67.89,rice
21.94766735,80.97384195,54.23,rice
21.0525355,82.67839517,62.87,rice
23.48381344,81.33265073,55.98,rice
25.0756354,80.52389148,63.45,rice
26.35927159,84.04403589,77.32,rice
24.52922681,80.54498576,59.87,rice
20.77576147,84.49774397,74.56,rice
22.30157427,80.64416466,53.21,rice
21.44653958,84.94375962,78.45,rice
22.17931888,80.33127223,52.76,rice
24.52783742,82.73685569,64.89,rice
20.26707606,81.63895217,60.32,rice
25.7354293,83.88266234,76.54,rice
26.79533926,82.1480873,72.76,rice
26.75754171,81.17734011,74.45,rice
23.86330467,83.15250801,67.23,rice
21.01944696,82.95221726,63.45,rice
24.17298839,83.7287574,70.98,rice
22.78133816,82.06719137,59.87,rice
25.62980105,83.52842314,68.45,rice
25.59704938,80.14509262,51.32,rice
23.83067496,84.81360127,76.78,rice
26.31355498,82.36698992,71.23,rice
24.8972823,80.52586088,59.34,rice
24.958779,84.47963372,75.67,rice
23.24113501,84.59201843,75.23,rice
21.66628296,80.70960551,48.76,rice
24.63544858,80.41363018,54.32,rice
23.43121862,83.06310136,67.56,rice
20.0454142,80.3477562,43.87,rice
23.85724032,82.22572988,63.21,rice
21.97199397,81.89918197,60.76,rice
26.22916897,83.83625819,74.23,rice
23.44676801,84.79352417,74.56,rice
25.65553461,83.47021081,68.78,rice
24.44345477,82.45432595,65.32,rice
20.2801937,82.1235421,61.89,rice
21.7238313,80.2389895,45.67,rice
20.41447029,82.20802629,60.98,rice
25.75528612,83.51827127,76.23,rice
20.61521424,83.77345559,68.76,rice
21.84106875,80.72886384,53.78,rice
20.08369642,83.29114712,67.32,rice
24.45802087,82.74835604,65.76,rice
21.14347496,80.33502926,49.87,rice
25.78720567,82.11124033,71.23,rice
23.64124821,80.28597873,46.54,rice
23.43191632,80.56887849,52.98,rice
24.97669518,83.891805,73.45,rice
22.72791041,82.1706881,58.67,rice
24.87300744,82.84022551,65.32,rice
21.32376327,83.00320459,68.54,rice
26.29465461,84.56919326,76.12,rice
22.2286982,81.85872947,55.98,rice
26.73072391,81.78596776,74.23,rice
24.88921174,81.97927117,67.56,rice
26.88444878,81.46033732,75.32,rice
22.67846116,83.72874389,69.87,rice
26.08867875,80.37979919,59.76,rice
25.42977518,82.94682591,72.56,rice
26.40323239,81.05635517,74.32,rice
26.04371967,84.96907151,73.45,rice
25.2827223,80.54372813,58.76,rice
22.08576562,83.47038318,68.23,rice
23.28617173,81.43321641,53.67,rice
25.48591986,81.40633547,65.87,rice
23.67575393,81.03569343,46.23,rice
20.82477109,84.1341879,73.21,rice
26.92995077,81.91411159,75.32,rice
23.83509503,83.88387074,75.23,rice
26.52872817,80.12267476,56.98,rice
26.46428311,83.85642678,74.45,rice
22.69657794,82.81088865,60.89,rice
22.68319059,83.46358271,68.23,rice
21.53346343,82.14004101,60.45,rice
21.40865769,83.3293191,67.56,rice
26.54348085,84.67353597,75.43,rice
23.35905428,83.59512273,72.89,rice
